date,LINK_deposited,WBTC_borrowed,WETH_deposited,WBTC_deposited,USDC_borrowed,UNI_deposited,YFI_deposited,ZRX_deposited,DAI_borrowed,USDT_borrowed,user
2020-12-28,85.84374626556064,0.020000553409288552,0.0,0.0,0.0,0.0,0.0,0.0,0.0,0.0,0x4110ea8b4d77ff4c4115cb8f4bbf396804807889
2020-12-29,85.84374990757533,0.02000106331756327,0.0,0.0,0.0,0.0,0.0,0.0,0.0,0.0,0x4110ea8b4d77ff4c4115cb8f4bbf396804807889
2020-12-30,85.84450446293818,0.02000137917751717,0.0,0.0,0.0,0.0,0.0,0.0,0.0,0.0,0x4110ea8b4d77ff4c4115cb8f4bbf396804807889
2020-12-31,85.84543611523694,0.020001570146117073,0.0,0.0,0.0,0.0,0.0,0.0,0.0,0.0,0x4110ea8b4d77ff4c4115cb8f4bbf396804807889
2021-01-01,85.84580177752059,0.02000174766691499,0.0,0.0,0.0,0.0,0.0,0.0,0.0,0.0,0x4110ea8b4d77ff4c4115cb8f4bbf396804807889
2021-01-02,85.84672168580497,3.8767158432616905e-07,7.000020236684136,0.2270591066678564,9003.40918185353,0.0,0.0,0.0,0.0,0.0,0x4110ea8b4d77ff4c4115cb8f4bbf396804807889
2021-01-03,85.84700259145201,3.876765412730293e-07,7.000042506061021,0.22705940501307262,9008.675197962117,0.0,0.0,0.0,0.0,0.0,0x4110ea8b4d77ff4c4115cb8f4bbf396804807889
2021-01-04,85.84709854609045,3.8768163745520726e-07,7.000068110021199,0.22705971279595025,9012.697954108666,0.0,0.0,0.0,0.0,0.0,0x4110ea8b4d77ff4c4115cb8f4bbf396804807889
2021-01-05,85.84712389125626,3.876863237999058e-07,7.000109769225386,0.22705998548711617,9014.731870553345,0.0,0.0,0.0,0.0,0.0,0x4110ea8b4d77ff4c4115cb8f4bbf396804807889
2021-01-06,132.63920675478073,3.8768970993497784e-07,10.000177093733917,0.31284991631871517,14028.12841740277,0.0,0.0,0.0,0.0,0.0,0x4110ea8b4d77ff4c4115cb8f4bbf396804807889
2021-01-07,132.6392158026328,3.8769309745733195e-07,10.000241688983865,0.31285019280710313,14031.571882308695,0.0,0.0,0.0,0.0,0.0,0x4110ea8b4d77ff4c4115cb8f4bbf396804807889
2021-01-08,132.63922410521337,3.876965433313532e-07,10.000303531863047,0.31285046802583744,14035.016192477098,0.0,0.0,0.0,0.0,0.0,0x4110ea8b4d77ff4c4115cb8f4bbf396804807889
2021-01-09,132.63923192503333,3.877008211406102e-07,10.000384116734454,0.31285081321629044,14038.461348115461,0.0,0.0,0.0,0.0,0.0,0x4110ea8b4d77ff4c4115cb8f4bbf396804807889
2021-01-10,132.63923929170159,3.877057993324762e-07,10.000494741013702,0.31285120441312164,14041.907349431322,0.0,0.0,0.0,0.0,0.0,0x4110ea8b4d77ff4c4115cb8f4bbf396804807889
2021-01-11,132.63924643239773,3.8771047992931845e-07,10.000618295867374,0.3128515244176794,14045.354196632266,0.0,0.0,0.0,0.0,0.0,0x4110ea8b4d77ff4c4115cb8f4bbf396804807889
2021-01-12,132.6392488872045,3.8771521222312995e-07,10.000747639632484,0.31285182379828314,14048.801889925935,0.0,0.0,0.0,0.0,0.0,0x4110ea8b4d77ff4c4115cb8f4bbf396804807889
2021-01-13,132.63925786468863,3.8771913072397574e-07,10.000919978200669,0.3128520877400081,14052.250429520016,0.0,0.0,0.0,0.0,0.0,0x4110ea8b4d77ff4c4115cb8f4bbf396804807889
2021-01-14,132.63926886054313,3.8772251397147934e-07,12.75125685356298,0.3304348314124731,14055.699815622249,142.14980684477734,0.0,0.0,0.0,0.0,0x4110ea8b4d77ff4c4115cb8f4bbf396804807889
2021-01-15,132.63927904973977,3.877263679673392e-07,12.751583665197751,0.3304351112194998,17460.739542298066,142.14980870269088,0.03122625749096685,1741.5814752703805,0.0,0.0,0x4110ea8b4d77ff4c4115cb8f4bbf396804807889
2021-01-16,132.6393417887123,3.8772954751100893e-07,12.751929231189449,0.33043536747038105,17465.023138649194,142.1498133177353,0.031226593948069765,1741.5826035595471,0.0,0.0,0x4110ea8b4d77ff4c4115cb8f4bbf396804807889
2021-01-17,132.63940294011155,3.877331437725095e-07,12.75224734259742,0.3304356348327928,17469.307785884954,142.1498180463164,0.031226931606325888,1741.5835625960904,0.0,0.0,0x4110ea8b4d77ff4c4115cb8f4bbf396804807889
2021-01-18,132.63947419125287,3.8773748878715984e-07,12.75257175510917,0.3304359356119301,17473.593484263158,142.14982300691617,0.03122719367977091,1741.5844303615506,0.0,0.0,0x4110ea8b4d77ff4c4115cb8f4bbf396804807889
2021-01-19,132.63954707979076,3.8776726282483005e-07,12.752676044167163,0.33044068683359956,17477.880234041677,142.14983048948838,0.031227441182304753,1741.5863326789038,0.0,0.0,0x4110ea8b4d77ff4c4115cb8f4bbf396804807889
2021-01-20,132.6396178805356,3.877972526551334e-07,12.752754641995386,0.3304454101561136,17482.168035478455,142.14983923938172,0.031227860665168847,1741.5888076992364,0.0,0.0,0x4110ea8b4d77ff4c4115cb8f4bbf396804807889
2021-01-21,132.63968629106967,3.878084625077435e-07,12.752839421723358,0.33044657442213515,17486.45688883149,142.1498721160907,0.03122864003564299,1741.5910546687878,0.0,0.0,0x4110ea8b4d77ff4c4115cb8f4bbf396804807889
2021-01-22,132.639743826852,3.878216476373318e-07,12.752929378129592,0.3304476224123418,17490.746794358845,142.14990503764727,0.031229739281768185,1741.5936395473113,0.0,0.0,0x4110ea8b4d77ff4c4115cb8f4bbf396804807889
2021-01-23,132.63979557187793,3.878391602916132e-07,12.753022989054308,0.33044935573186335,17495.03775231865,142.14996179728104,0.03123033916390326,1741.5963565065367,0.0,0.0,0x4110ea8b4d77ff4c4115cb8f4bbf396804807889
2021-01-24,171.61175661991783,3.878593152611184e-07,13.52644655146167,0.37189963113790925,17499.329762969097,142.15002921220199,0.03123068413323049,1741.6001728997046,0.0,0.0,0x4110ea8b4d77ff4c4115cb8f4bbf396804807889
2021-01-25,171.61186385954662,3.8786735696214825e-07,13.52677311148248,0.37190025326977766,17503.622826568437,142.15009991513526,0.03123080303688502,1741.604781283655,0.0,0.0,0x4110ea8b4d77ff4c4115cb8f4bbf396804807889
2021-01-26,390.8438528728573,3.878732492134414e-07,13.527086818492608,0.37190056766144697,22508.12890617802,142.1501878251883,0.03123087477406531,1741.6092911879098,0.0,0.0,0x4110ea8b4d77ff4c4115cb8f4bbf396804807889
2021-01-27,390.84424234150583,3.8787885067446434e-07,13.527377180609642,0.3719008853516461,22513.63633308273,142.15033784410565,0.031230922548580682,1741.6121389054015,0.0,0.0,0x4110ea8b4d77ff4c4115cb8f4bbf396804807889
2021-01-28,390.8444451449848,3.8788958254537824e-07,13.527617469749698,0.3719017299690843,22519.14510761225,142.15052737106438,0.031230964368181135,1741.6161690268784,0.0,0.0,0x4110ea8b4d77ff4c4115cb8f4bbf396804807889
2021-01-29,390.8445788127962,3.878988508893639e-07,13.527842908679757,0.37190237752933547,22524.655230096338,142.15064993763343,0.03123100485823695,1741.620068357105,0.0,0.0,0x4110ea8b4d77ff4c4115cb8f4bbf396804807889
2021-01-30,390.84470442011644,3.8790888101050146e-07,13.528056507626108,0.3719031098393857,22530.16670086484,142.15076710932266,0.031231044997715184,1741.6230328963322,0.0,0.0,0x4110ea8b4d77ff4c4115cb8f4bbf396804807889
2021-01-31,390.84483250148895,3.8792233224748046e-07,13.528270985122832,0.3719042851732787,22535.679520247675,142.15094517348865,0.03123112884299374,1741.6249705335322,0.0,0.0,0x4110ea8b4d77ff4c4115cb8f4bbf396804807889
2021-02-01,390.8449726620695,3.879359981592538e-07,13.52848461285297,0.37190552496052065,22541.19368857485,142.15109754318607,0.03123116261303021,1741.62781680325,0.0,0.0,0x4110ea8b4d77ff4c4115cb8f4bbf396804807889
2021-02-02,390.84510820488725,3.879461933250786e-07,13.528678935192826,0.37190627928528797,22546.70920617645,142.15128285066058,0.031231189042280255,1741.6304345759504,0.0,0.0,0x4110ea8b4d77ff4c4115cb8f4bbf396804807889
2021-02-03,390.84523578863457,3.8795691614045487e-07,13.528912318929653,0.3719070886406396,22552.226073382637,142.15152518344544,0.03123120606919142,1741.633000224939,0.0,0.0,0x4110ea8b4d77ff4c4115cb8f4bbf396804807889
2021-02-04,390.8453511696047,3.8796780984532723e-07,13.529206180048341,0.371907928427341,22557.74429052366,142.1518247524207,0.03123122940549978,1741.6347633720188,0.0,0.0,0x4110ea8b4d77ff4c4115cb8f4bbf396804807889
2021-02-05,390.8454652792653,3.879808787343506e-07,13.529466292683043,0.3719091120502046,22563.263857929844,142.1520305424609,0.031231312189029015,1741.6364469485823,0.0,0.0,0x4110ea8b4d77ff4c4115cb8f4bbf396804807889
2021-02-06,390.84558057505666,3.879956796728056e-07,13.529720742587134,0.3719105447659961,22568.784775931596,142.152244087332,0.03123137108792887,1741.6379464046872,0.0,0.0,0x4110ea8b4d77ff4c4115cb8f4bbf396804807889
2021-02-07,390.84569780033377,3.8801158014972224e-07,13.529952324863626,0.37191214808530687,22574.307044859404,142.15249403704968,0.031231410909034595,1741.6400738281777,0.0,0.0,0x4110ea8b4d77ff4c4115cb8f4bbf396804807889
2021-02-08,390.84581335181514,3.880234604231482e-07,13.53016592271497,0.37191327524034534,22579.830665043843,142.15274371062142,0.03123145063945831,1741.6422394102522,0.0,0.0,0x4110ea8b4d77ff4c4115cb8f4bbf396804807889
2021-02-09,390.8459270894257,3.8802915968523e-07,13.530299079169543,0.37191376922450087,22585.35563681556,142.15305793199613,0.031231480761841554,1741.644658514534,0.0,0.0,0x4110ea8b4d77ff4c4115cb8f4bbf396804807889
2021-02-10,390.84603734601984,3.880352168207978e-07,13.530398263271202,0.37191429229435446,22590.881960505285,142.15340425225912,0.03123150046123654,1741.6469740742177,0.0,0.0,0x4110ea8b4d77ff4c4115cb8f4bbf396804807889
2021-02-11,390.8461629758276,3.880416966840421e-07,13.530490293012095,0.3719148628717795,22596.40963644383,142.1537449409487,0.031231518953676884,1741.6501976113998,0.0,0.0,0x4110ea8b4d77ff4c4115cb8f4bbf396804807889
2021-02-12,390.84628897756494,3.8804818397921097e-07,13.530569338698747,0.3719154718461702,22601.93866496209,142.15406163756876,0.031231541510104224,1741.6524229786564,0.0,0.0,0x4110ea8b4d77ff4c4115cb8f4bbf396804807889
2021-02-13,390.84641214943133,3.880546706373339e-07,13.53064333265757,0.37191608258557696,22607.469046391037,142.15440922993088,0.03123156361728764,1741.653726113217,0.0,0.0,0x4110ea8b4d77ff4c4115cb8f4bbf396804807889
2021-02-14,390.84651165340296,3.880611772829471e-07,13.530726643648396,0.3719166950333711,34616.2021820212,142.15495177007082,0.031231582198486287,1741.6550417679841,0.0,0.0,0x4110ea8b4d77ff4c4115cb8f4bbf396804807889
2021-02-15,390.8465849538265,3.8806743932123024e-07,13.530831638682658,0.499917475122761,34624.93752530492,142.15565373462468,0.031231600375348004,1741.656452653185,0.0,0.0,0x4110ea8b4d77ff4c4115cb8f4bbf396804807889
2021-02-16,390.84663954612057,3.880738225769432e-07,13.530949896094162,0.49991824237964044,34633.675076801264,142.15641209378572,0.031231618977508466,1741.658019128789,0.0,0.0,0x4110ea8b4d77ff4c4115cb8f4bbf396804807889
2021-02-17,390.846692972119,3.880805217575519e-07,13.531027108321096,0.4999190826961495,34642.41483706945,142.1568996424933,0.031231646312815962,1741.6593902418824,0.0,0.0,0x4110ea8b4d77ff4c4115cb8f4bbf396804807889
2021-02-18,390.8467462745411,3.8808759289553594e-07,13.531099476970116,0.49991990760783367,34651.156806668834,142.15714986233374,0.031231658449084147,1741.6606794466622,0.0,0.0,0x4110ea8b4d77ff4c4115cb8f4bbf396804807889
2021-02-19,390.84690266316716,3.880949141518418e-07,13.531165799932293,0.49992075131383257,34659.90098615891,142.15742191458511,0.03123167158437808,1741.6619906931853,0.0,0.0,0x4110ea8b4d77ff4c4115cb8f4bbf396804807889
2021-02-20,390.84705766007517,3.881020052198836e-07,13.531236424463222,0.49992156339063526,34668.64737609931,142.1576309677947,0.031231680079989596,1741.6632844900828,0.0,0.0,0x4110ea8b4d77ff4c4115cb8f4bbf396804807889
2021-02-21,390.84720835356563,3.881098203724825e-07,13.53132178080955,0.49992245099974064,34677.395977049826,142.15773075634613,0.03123169353223478,1741.6645623192464,0.0,0.0,0x4110ea8b4d77ff4c4115cb8f4bbf396804807889
2021-02-22,390.84734063463145,3.8811756725477716e-07,13.531413871812305,0.4999233138737386,34686.14678957038,142.15782175278335,0.03123171801677862,1741.6652969406393,0.0,0.0,0x4110ea8b4d77ff4c4115cb8f4bbf396804807889
2021-02-23,390.8474703329524,3.881231518072345e-07,13.531494815630115,0.499923885357157,34694.89981422104,142.15802230034328,0.031231734527065427,1741.6657889117523,0.0,0.0,0x4110ea8b4d77ff4c4115cb8f4bbf396804807889
2021-02-24,390.8475990305212,3.8812884766332e-07,13.531564544610585,0.49992447592430644,34703.655051562004,142.15816243533936,0.031231747064604458,1741.6662553811643,0.0,0.0,0x4110ea8b4d77ff4c4115cb8f4bbf396804807889
2021-02-25,390.8477269706382,3.8813455225565764e-07,13.531638659675387,0.4999250734819275,34712.41250215363,142.15828424234311,0.031231757798257643,1741.6667286840238,0.0,0.0,0x4110ea8b4d77ff4c4115cb8f4bbf396804807889
2021-02-26,390.8478423093092,3.8813995640143933e-07,13.531716828677233,0.4999255360347369,34721.172166556404,142.15834005559648,0.031231766870645248,1741.6672047697703,0.0,0.0,0x4110ea8b4d77ff4c4115cb8f4bbf396804807889
2021-02-27,390.84794650871055,3.8814520665375466e-07,13.531802813240608,0.6067363734722833,39731.16591004052,142.1583930346794,0.03123177406883943,1741.6677617284945,0.0,0.0,0x4110ea8b4d77ff4c4115cb8f4bbf396804807889
2021-02-28,390.8480415412902,3.8815051186344214e-07,13.531878953455866,0.6067368927433608,39741.16217195534,142.1584360469242,0.031231778558500355,1741.6682853238367,0.0,0.0,0x4110ea8b4d77ff4c4115cb8f4bbf396804807889
2021-03-01,390.8481316754103,3.881556359375961e-07,13.531952401170347,0.6067373859208709,39751.16095293654,142.15847586610553,0.031231782711092268,1741.6685764160482,0.0,0.0,0x4110ea8b4d77ff4c4115cb8f4bbf396804807889
2021-03-02,390.84821893030636,3.8816058281830916e-07,13.532027378297357,0.6067378601074607,39761.16225361997,142.15851284940243,0.03123178691632523,1741.6688714464524,0.0,0.0,0x4110ea8b4d77ff4c4115cb8f4bbf396804807889
2021-03-03,390.84830180086396,3.88165334931185e-07,13.532105759544953,0.6067383163894954,39771.16607464166,142.158548209304,0.031231790910726837,1741.6691720552888,0.0,0.0,0x4110ea8b4d77ff4c4115cb8f4bbf396804807889
2021-03-04,390.8484060154707,3.8817007859258624e-07,13.532176314797766,0.6067387717072241,39781.172416637775,142.15857677502058,0.031231794987934977,1741.6694658446493,0.0,0.0,0x4110ea8b4d77ff4c4115cb8f4bbf396804807889
2021-03-05,390.84852211469916,3.8817498391206145e-07,13.532237200672784,0.6067392469795513,39791.18128024465,142.15867271350638,0.031231819845162687,1741.6697585026686,0.0,0.0,0x4110ea8b4d77ff4c4115cb8f4bbf396804807889
2021-03-06,390.8487104745,3.881799316559877e-07,13.532286971599671,0.6067397265162922,39801.19266609878,142.15884085645004,0.031232144238521158,1741.6700523007719,0.0,0.0,0x4110ea8b4d77ff4c4115cb8f4bbf396804807889
2021-03-07,390.8540783809638,3.881846261022812e-07,16.919319789495802,0.6067401706113981,39811.206574836826,142.17526157524858,0.03131952011314794,1741.6703367289826,6001.466057207869,0.0,0x4110ea8b4d77ff4c4115cb8f4bbf396804807889
2021-03-08,390.8613124291918,3.881890996114202e-07,16.919339106613695,0.6067405923438469,39821.22300709561,142.21539867323406,0.031351573298050266,1741.6706154879,6002.932472636361,0.0,0x4110ea8b4d77ff4c4115cb8f4bbf396804807889
2021-03-09,390.8623956980508,3.8819346548888286e-07,16.91936593326352,0.606741013589071,39831.2419635121,142.21830356837788,0.03137172794661135,1741.6708933257758,6004.399246373005,0.0,0x4110ea8b4d77ff4c4115cb8f4bbf396804807889
2021-03-10,710.5364050782291,3.88197191290715e-07,16.919390607982027,0.6067413597849339,39841.26344472344,142.2186171569084,0.031396474623834346,1741.6711691419794,6005.8663785053495,10002.441000023295,0x4110ea8b4d77ff4c4115cb8f4bbf396804807889
2021-03-11,710.5383753241989,3.882006920384776e-07,16.91941116570794,0.6067416675062256,39851.28745136694,142.23899032805494,0.031423210433348114,1741.6714460835035,6007.333869120967,10004.882595894702,0x4110ea8b4d77ff4c4115cb8f4bbf396804807889
2021-03-12,710.5395056599314,3.882042382113918e-07,19.9194542835346,0.6067419776914182,39861.31398408005,142.24733134765452,0.03143091966650152,1741.6716694498423,13010.527661112663,10007.324787759666,0x4110ea8b4d77ff4c4115cb8f4bbf396804807889
2021-03-13,710.539580568723,3.882077550173415e-07,19.919544924267868,0.6067422839212616,39871.343043500405,142.24744899198828,0.03143154831484588,1741.6718995078,13013.722237316917,10009.76757576367,0x4110ea8b4d77ff4c4115cb8f4bbf396804807889
2021-03-14,710.5396194125329,3.882111015951831e-07,19.919825049695685,0.606742573354595,39881.37463026578,142.24759494314202,0.03143203858849357,1741.6721306502823,13016.917597926295,10012.210960052233,0x4110ea8b4d77ff4c4115cb8f4bbf396804807889
2021-03-15,710.5396360691259,3.882143245955548e-07,19.920169355373442,0.6067428534507312,39891.40874501413,142.24774380103793,0.031432453214140975,1741.6723603546836,13020.113743133403,10014.654940770906,0x4110ea8b4d77ff4c4115cb8f4bbf396804807889
2021-03-16,710.5396526579514,3.882175290937397e-07,19.92048021209918,0.6067431305801233,39901.44538838355,142.24778039339188,0.03143251165898671,1741.677452523495,13023.3106731309,10017.099518065279,0x4110ea8b4d77ff4c4115cb8f4bbf396804807889
2021-03-17,710.5396695652959,3.8822077136421396e-07,19.920784238519833,0.6067434096056914,39911.48456101232,142.2478101331714,0.03143260321609407,1741.6825447071944,13026.508388111488,10019.544692080974,0x4110ea8b4d77ff4c4115cb8f4bbf396804807889
2021-03-18,710.5396866611773,3.882241808725146e-07,19.92108282005697,0.6067436897269592,39921.526263538864,142.24784290414553,0.03143272378558675,1741.6827739314192,13029.706888267918,10021.990462963651,0x4110ea8b4d77ff4c4115cb8f4bbf396804807889
2021-03-19,710.5397032012106,3.8822767186953925e-07,19.921375917044713,0.606743974665432,39931.57049660178,142.24787627306478,0.03143285616904108,1741.6829956839656,13032.906173792988,10024.436830859007,0x4110ea8b4d77ff4c4115cb8f4bbf396804807889
2021-03-20,710.5397187934402,3.882325566784615e-07,19.921638409166583,0.6067444342046338,39941.61726083981,142.24799807397005,0.031433423822926,1741.6831939812237,13036.106244879544,10026.883795912772,0x4110ea8b4d77ff4c4115cb8f4bbf396804807889
2021-03-21,710.5397305799881,3.882469938574541e-07,19.92179323183139,0.6067465457008765,39951.66655689188,142.2480434472358,0.0314344344190538,1741.6833916341689,13039.307101720478,10029.331358270712,0x4110ea8b4d77ff4c4115cb8f4bbf396804807889
2021-03-22,710.5397419594417,3.882659197810791e-07,19.92189652447585,0.6067501183935756,39961.718385397064,142.24808380192053,0.03144288226387995,1741.68358252857,13042.508744508732,10031.77951807863,0x4110ea8b4d77ff4c4115cb8f4bbf396804807889
2021-03-23,710.539752858572,3.882845217447811e-07,19.922033940168586,0.6067535310539636,39971.77274699459,142.24812197812295,0.031443286955711,1741.6837906737449,13045.711173437292,10034.228275482363,0x4110ea8b4d77ff4c4115cb8f4bbf396804807889
2021-03-24,710.5397634637447,3.8830156485637753e-07,19.92221670684096,0.19149043966868093,19993.970782323864,142.248162523155,0.031443810522235424,1741.6840044943958,13048.914388699193,10036.677630627782,0x4110ea8b4d77ff4c4115cb8f4bbf396804807889
2021-03-25,710.5397746242505,3.883156911825538e-07,19.922308706392187,0.1914910765160504,20004.03021202445,142.24820122232668,0.031445216795511766,1741.6867795713472,13052.11839048752,10039.1275836608,0x4110ea8b4d77ff4c4115cb8f4bbf396804807889
2021-03-26,710.5397864361236,3.883322908739349e-07,19.922407077539123,0.1914919580223222,20014.092176736063,142.24823918823793,0.031446498216925016,1741.689190020937,13055.323178995399,10041.578134727359,0x4110ea8b4d77ff4c4115cb8f4bbf396804807889
2021-03-27,710.539798558904,3.88349854222888e-07,19.922487449831863,0.41596996409106635,20024.156677098596,142.24827364371825,0.03144798951982145,1741.6895168869962,13058.52875441601,10044.029283973437,0x4110ea8b4d77ff4c4115cb8f4bbf396804807889
2021-03-28,710.5398106601331,3.8836832503738887e-07,19.922550830740803,0.4159722655401109,20034.22371375209,142.24829481869898,0.0314502671952512,1741.6898437227223,13061.735116942576,10046.481031545054,0x4110ea8b4d77ff4c4115cb8f4bbf396804807889
2021-03-29,710.5398235287504,3.883842118391859e-07,19.922603748258748,0.4159739952940819,20044.293287336754,142.24831637945127,0.031452232786284666,1741.6901700417186,13064.94226676837,10048.933377588259,0x4110ea8b4d77ff4c4115cb8f4bbf396804807889
2021-03-30,710.539836319051,3.8840082820017855e-07,19.922658661667626,0.4159758709319052,20054.365398492955,142.24833799203986,0.03145383089813763,1741.6904920661134,13068.150204086713,10051.386322249138,0x4110ea8b4d77ff4c4115cb8f4bbf396804807889
2021-03-31,710.5398486393667,3.884138156374997e-07,19.92273260702428,0.415977044886011,20064.44004786123,142.24835011349487,0.031455388516919786,1741.6910498772243,13071.35892909097,10053.839865673814,0x4110ea8b4d77ff4c4115cb8f4bbf396804807889
2021-04-01,710.539861581957,3.884253074721369e-07,19.92279545700573,0.41597798571793504,20074.51723608227,142.24836144172443,0.03145680977407026,1741.6916392055637,13074.568441974554,10056.294008008446,0x4110ea8b4d77ff4c4115cb8f4bbf396804807889
2021-04-02,710.5398754457085,3.8843656349086134e-07,19.922874608355748,0.4159788869351498,20084.59696379693,142.24837343058692,0.03145821243756058,1741.6925734841143,13077.77874293093,10058.748749399228,0x4110ea8b4d77ff4c4115cb8f4bbf396804807889
2021-04-03,710.5398890593891,3.8844701710110545e-07,19.922961714697053,0.41597967161257904,20094.679231646227,142.24838574144894,0.03145964313813684,1741.693526109972,13080.989832153607,10061.204089992389,0x4110ea8b4d77ff4c4115cb8f4bbf396804807889
2021-04-04,710.5399021914998,3.884571072277142e-07,19.923077095407074,0.4159804053246488,20104.764040271344,142.24839308285175,0.03146106660555426,1741.6938113861952,13084.201709836141,10063.660029934194,0x4110ea8b4d77ff4c4115cb8f4bbf396804807889
2021-04-05,710.5399128839088,3.884672209121428e-07,19.923192072892917,0.41598114299093947,20114.851390313623,142.2483985363042,0.03146247593993359,1741.694104725692,13087.414376172137,10066.116569370944,0x4110ea8b4d77ff4c4115cb8f4bbf396804807889
2021-04-06,710.5399192304529,3.8847435568295457e-07,19.923315786137753,0.41598156208069353,20124.941282414566,142.2484040203689,0.031463813814205877,1741.6991969580777,13090.627831355248,10068.573708448977,0x4110ea8b4d77ff4c4115cb8f4bbf396804807889
2021-04-07,710.53992624641,3.884799651466207e-07,19.923440633850237,0.4159818506288669,20135.03371721584,142.24844914260987,0.03146404502855652,1741.699499252292,13093.842075579174,10071.031447314665,0x4110ea8b4d77ff4c4115cb8f4bbf396804807889
2021-04-08,710.5399334577979,3.8848418809392637e-07,19.923583283950872,0.4159820515550535,20145.12869535927,142.24862942957236,0.03146416482127992,1741.6998009565084,13097.05710903766,10073.489786114415,0x4110ea8b4d77ff4c4115cb8f4bbf396804807889
2021-04-09,710.5399438841274,3.8848846581425436e-07,19.92372625083185,0.4159822572911494,20155.226217486856,142.2488122892209,0.0314643293264065,1741.700100031084,13100.272931924503,10075.948724994672,0x4110ea8b4d77ff4c4115cb8f4bbf396804807889
2021-04-10,710.5399664789575,3.884924884947796e-07,19.923849793075853,0.4159824584461692,20165.326284240742,142.2489960729231,0.031464494341907484,1741.700412691329,13103.489544433543,10078.408264101916,0x4110ea8b4d77ff4c4115cb8f4bbf396804807889
2021-04-11,710.5399793936086,3.88497289593136e-07,19.923953527805907,0.41598295348695624,20175.42889626325,142.24917800596316,0.03146468243171913,1741.7007339088796,13106.706946758672,10080.86840358266,0x4110ea8b4d77ff4c4115cb8f4bbf396804807889
2021-04-12,710.5399922082012,3.885013639112016e-07,19.924051571196078,0.41598344336472853,20185.53405419685,142.24936493212738,0.0314648672607716,1741.7010917232978,13109.925139093826,10083.32914358346,0x4110ea8b4d77ff4c4115cb8f4bbf396804807889
2021-04-13,710.5400052067702,3.8850540596293864e-07,19.9241416297177,0.4159839287405621,20195.64175868419,142.24953907595733,0.03146505171661707,1741.7013634808377,13113.144121632993,10085.790484250898,0x4110ea8b4d77ff4c4115cb8f4bbf396804807889
2021-04-14,710.5400183469908,3.885092454330428e-07,19.924223589346273,0.4159842900766808,20205.75201036807,142.24970670870738,0.03146523070537339,1741.7016270985448,13116.363894570204,10088.252425731598,0x4110ea8b4d77ff4c4115cb8f4bbf396804807889
2021-04-15,710.5400260331598,3.8851241118097953e-07,19.92430506373862,0.41598444877264745,20215.864809891453,142.2498858264025,0.03146535109300569,1741.701861463358,13119.58445809954,10090.71496817222,0x4110ea8b4d77ff4c4115cb8f4bbf396804807889
2021-04-16,710.5400326841171,3.8851579363716145e-07,19.924388789818565,0.41598461986349167,20225.980157897473,142.2500687891156,0.03146546592036938,1741.7069537184225,13122.805812415128,10093.178111719459,0x4110ea8b4d77ff4c4115cb8f4bbf396804807889
2021-04-17,710.5400391164067,3.8851916542204727e-07,19.92447919766913,0.415984785885558,20236.098055029415,142.25025340174432,0.03146558051858239,1741.7071868862586,13126.027957711145,10095.641856520042,0x4110ea8b4d77ff4c4115cb8f4bbf396804807889
2021-04-18,710.54004517008,3.8852261506314043e-07,19.92457461764247,0.41598495535901475,20246.218501930736,142.2504375196403,0.03146569721612608,1741.7074194950933,13129.250894181814,10098.106202720737,0x4110ea8b4d77ff4c4115cb8f4bbf396804807889
2021-04-19,710.5400509533844,3.8852685258191324e-07,19.924674263599226,0.4159851636603307,20256.34149924505,142.25062385461692,0.03146581636856448,1741.707656497634,13132.474622021406,10100.571150468346,0x4110ea8b4d77ff4c4115cb8f4bbf396804807889
2021-04-20,710.5400567338888,3.8853106333683027e-07,19.924782785651864,0.4159853670922047,20266.467047616134,142.25081175359696,0.03146593821204153,1741.7078880598876,13135.69914142424,10103.036699909706,0x4110ea8b4d77ff4c4115cb8f4bbf396804807889
2021-04-21,710.5400627630547,3.8853571551233384e-07,19.924890177763494,0.4159855972666164,20276.595147687935,142.25099775445906,0.0314660673430885,1741.708118399731,13138.924452584683,10105.50285119169,0x4110ea8b4d77ff4c4115cb8f4bbf396804807889
2021-04-22,710.5400686944614,3.8854108355012436e-07,19.924988729181237,0.4159858709988036,20286.725800104552,142.25117969667826,0.03146618630646984,1741.7083480798858,13142.150555697148,10107.969604461206,0x4110ea8b4d77ff4c4115cb8f4bbf396804807889
2021-04-23,710.5400741694685,3.885457371934428e-07,19.92507865726931,0.4159861002352498,20296.859005510254,142.2513673784682,0.031466289811886504,1741.7085805029212,13145.377450956099,10110.436959865203,0x4110ea8b4d77ff4c4115cb8f4bbf396804807889
2021-04-24,710.540079297538,3.885495969894639e-07,19.925175412128468,0.4159862845612195,20306.994764549472,142.2515415516419,0.031466390621232646,1741.7096406803423,13148.605138556046,10112.904917550659,0x4110ea8b4d77ff4c4115cb8f4bbf396804807889
2021-04-25,710.5401471728795,3.8855312693955767e-07,19.92525813098833,0.4159864528741946,20317.133077866798,142.25168769167493,0.031466487173392975,1741.7118754597834,13151.833618691544,10115.373477664592,0x4110ea8b4d77ff4c4115cb8f4bbf396804807889
2021-04-26,710.5402262713927,3.885587888413112e-07,19.925315712420424,0.4159869021417057,20327.273946106987,142.25177959099918,0.03146657399243932,1741.7140860747347,13155.062891557202,10117.842640354054,0x4110ea8b4d77ff4c4115cb8f4bbf396804807889
2021-04-27,710.5402738318966,3.88567749714293e-07,19.925344590209335,0.41598751691560126,20337.417369914958,142.25178320871552,0.03146662631653624,1741.7162446868222,13158.29295734767,10120.312405766135,0x4110ea8b4d77ff4c4115cb8f4bbf396804807889
2021-04-28,710.5402802793706,3.885754769813591e-07,19.925372802889253,0.41598798887939753,20347.563349935794,142.25178663477772,0.03146666341045902,1741.7181270924946,13161.523816257652,10122.782774047959,0x4110ea8b4d77ff4c4115cb8f4bbf396804807889
2021-04-29,710.5402870316772,3.885812266478411e-07,19.92539971799272,0.4159882881855422,20357.71188681474,142.25179021213518,0.03146669555400448,1741.7199149638648,13164.755468481893,10125.253745346685,0x4110ea8b4d77ff4c4115cb8f4bbf396804807889
2021-04-30,710.5402948112524,3.8858589624121953e-07,19.925430408773238,0.4159884883459856,20367.862981197206,142.25179333740203,0.03146672686006616,1741.7216834251888,13167.987914215193,10127.725319809511,0x4110ea8b4d77ff4c4115cb8f4bbf396804807889
2021-05-01,710.5403023790167,3.885910249441527e-07,19.92546287768485,0.41598870672413657,20378.016633728763,142.25179635212922,0.03146675798904905,1741.7234310324607,13171.221153652394,10130.19749758367,0x4110ea8b4d77ff4c4115cb8f4bbf396804807889
2021-05-02,710.5403087596287,3.8859622703994777e-07,19.925487784123934,0.4159889292442754,20388.17284505514,142.251880900825,0.031466788521486384,1741.725153483865,13174.455186988389,10132.670278816428,0x4110ea8b4d77ff4c4115cb8f4bbf396804807889
2021-05-03,710.5403157665352,3.886003587883172e-07,19.925508498649563,0.4159890790563465,20398.331615822244,142.2519027382157,0.03146682030954266,1741.7268396578477,13177.690014418118,10135.143663655092,0x4110ea8b4d77ff4c4115cb8f4bbf396804807889
2021-05-04,710.5403238082235,3.886039694184275e-07,19.925527300962024,0.4159892015635703,20408.49294667613,142.25190568770032,0.031466857323913355,1741.7285197971694,13180.92563613657,10137.617652247,0x4110ea8b4d77ff4c4115cb8f4bbf396804807889
2021-05-05,710.5403316028994,3.8860739434958697e-07,19.925545226282043,0.41598931774571785,20418.65683826303,142.25190863701374,0.03146689985329761,1741.7301794482744,13184.16205233878,10140.09224473953,0x4110ea8b4d77ff4c4115cb8f4bbf396804807889
2021-05-06,710.5403395182037,3.886139028907942e-07,19.925562951078277,0.41598963050739296,20428.82329122932,142.25191208188028,0.03146694403867759,1741.7318320853817,13187.399263219831,10142.567441280093,0x4110ea8b4d77ff4c4115cb8f4bbf396804807889
2021-05-07,710.54034739643,3.886205450765783e-07,19.925581117732797,0.41598995468685945,20438.99230622156,142.25191383706766,0.031466983648397354,1741.7335014042374,13190.637268974857,10145.043242016136,0x4110ea8b4d77ff4c4115cb8f4bbf396804807889
2021-05-08,710.5403553414343,3.88627773846346e-07,19.925599437358063,0.4159903338804284,20449.163883886464,142.25191581544436,0.03146702311492512,1741.7385937518081,13193.876069799036,10147.519647095145,0x4110ea8b4d77ff4c4115cb8f4bbf396804807889
2021-05-09,710.5403632554421,3.886350836941589e-07,19.9256142197064,0.41599072125849346,20459.33802487091,142.25191823813327,0.031467062579559356,1741.7402700092546,13197.115665887597,10149.99665666464,0x4110ea8b4d77ff4c4115cb8f4bbf396804807889
2021-05-10,710.5403711719017,3.886424316864337e-07,19.925626004718104,0.41599118356662873,20469.51472982194,142.2519206081578,0.03146710226203453,1741.7419675245314,13200.356057435813,10152.474270872177,0x4110ea8b4d77ff4c4115cb8f4bbf396804807889
2021-05-11,710.5403785818086,3.8865048330688986e-07,19.925637638224014,0.4159918726231283,20479.693999386764,142.25192249285496,0.031467140446482245,1741.7436741170272,13203.597244639008,10154.952489865347,0x4110ea8b4d77ff4c4115cb8f4bbf396804807889
2021-05-12,710.5403855420445,3.886583398820871e-07,19.92564909763372,0.41599253255561564,20489.875834212744,142.25192436195388,0.03146717721657045,1741.7453679299656,13206.839227692555,10157.43131379178,0x4110ea8b4d77ff4c4115cb8f4bbf396804807889
2021-05-13,710.540392908872,3.886667915798932e-07,19.925660274071475,0.4159936387152747,20500.060234947414,142.25192662902586,0.031467210045734134,1741.747313503916,13210.082006791872,10159.910742799138,0x4110ea8b4d77ff4c4115cb8f4bbf396804807889
2021-05-14,710.5403997211783,3.886757693656826e-07,19.925670627803015,0.4159949259689801,20510.247202238475,142.2519291108795,0.03146723545487277,1741.7492534663418,13213.325582132427,10162.390777035123,0x4110ea8b4d77ff4c4115cb8f4bbf396804807889
2021-05-15,710.5404108611416,3.8868615710236457e-07,19.925680540822356,0.4159966133860959,20520.436736733784,142.25193156831983,0.03146726219096078,1741.7511957613415,13216.569953909735,10164.871416647471,0x4110ea8b4d77ff4c4115cb8f4bbf396804807889
2021-05-16,710.5404220296798,3.886963593453028e-07,19.925690769257336,0.4159982263407104,20530.628839081368,142.25193580070186,0.0314672894731448,1741.7531534840596,13219.815122319358,10167.352661783954,0x4110ea8b4d77ff4c4115cb8f4bbf396804807889
2021-05-17,710.5404332025237,3.8870664293662197e-07,19.9257010137145,0.415999478908434,20540.823509929414,142.25196386701057,0.03146731513534546,1741.7551789653603,13223.06108755691,10169.83451259238,0x4110ea8b4d77ff4c4115cb8f4bbf396804807889
2021-05-18,710.540443658299,3.887163902501881e-07,19.925711750525984,0.4160001348407046,20551.020749926272,142.2519903069501,0.03146734004504906,1741.7572232993714,13226.307849818048,10172.316969220596,0x4110ea8b4d77ff4c4115cb8f4bbf396804807889
2021-05-19,710.5404531172996,3.8872577895581575e-07,19.92572100419241,0.41600075193922587,20561.22055972046,142.2520189865413,0.03146736687270844,1741.7592031028623,13229.55540929848,10174.80003181648,0x4110ea8b4d77ff4c4115cb8f4bbf396804807889
2021-05-20,710.5404696202118,3.88729088415276e-07,19.92573888712008,0.4160008768517364,20571.42293996066,142.2520580567985,0.03146739978219447,1741.7610031244826,13232.803766193963,10177.283700527949,0x4110ea8b4d77ff4c4115cb8f4bbf396804807889
2021-05-21,710.5404797814334,3.8873143266588317e-07,19.925749650305903,0.4160009522386673,20581.627891295713,142.25209269565008,0.031467433683376886,1741.7627875025705,13236.0529207003,10179.767975502957,0x4110ea8b4d77ff4c4115cb8f4bbf396804807889
2021-05-22,710.5404907323807,3.8873415648285246e-07,19.925758930208183,0.4160010504866927,20591.83541437463,142.25209935096822,0.03146747104449278,1741.7648652742087,13239.302873013341,10182.25285688949,0x4110ea8b4d77ff4c4115cb8f4bbf396804807889
2021-05-23,710.5405021208178,3.8873633076728093e-07,19.925768707494026,0.4160011251962135,20602.04550984658,142.25210659330668,0.03146751253489756,1741.7670238909604,13242.553623328988,10184.738344835578,0x4110ea8b4d77ff4c4115cb8f4bbf396804807889
2021-05-24,710.5405132831149,3.8873918152076636e-07,19.925781184271774,0.41600122134924516,20612.2581783609,142.2521296197161,0.031467555229120446,1741.769293067585,13245.805171843187,10187.224439489279,0x4110ea8b4d77ff4c4115cb8f4bbf396804807889
2021-05-25,710.540524527922,3.8874282187929976e-07,19.92579383728031,0.4160013323662407,20622.47342056709,142.2521463418279,0.0314676042768707,1741.7716384415328,13249.057518751935,10189.71114099869,0x4110ea8b4d77ff4c4115cb8f4bbf396804807889
2021-05-26,710.5405351876723,3.887466450715031e-07,19.92580615114842,0.41600144710110193,20632.691237114817,142.25215523073794,0.03146766197674813,1741.7739701780638,13252.310664251276,10192.198449511945,0x4110ea8b4d77ff4c4115cb8f4bbf396804807889
2021-05-27,710.5405472407294,3.887501738562582e-07,19.92581701853966,0.41600154506023657,20642.911628653907,142.25216329083605,0.03146772114827901,1741.7771450758112,13255.564608537301,10194.686365177215,0x4110ea8b4d77ff4c4115cb8f4bbf396804807889
2021-05-28,710.5405587899987,3.887559637403291e-07,19.92582942271528,0.41600179014490757,20653.134595834355,142.2521716346191,0.0314677815930014,1741.7803184152965,13258.81935180615,10197.174888142703,0x4110ea8b4d77ff4c4115cb8f4bbf396804807889
2021-05-29,710.5405695179917,3.887620915480758e-07,19.925842817204714,0.41600205063791634,20663.36013930632,142.2521801300934,0.031467840920514245,1741.7834919452346,13262.074894254014,10199.664018556654,0x4110ea8b4d77ff4c4115cb8f4bbf396804807889
2021-05-30,710.5405809529173,3.887677082841251e-07,19.925854880591313,0.41600227010861424,20673.588259720123,142.2521886872703,0.031467899737059574,1741.7866462176885,13265.331236077129,10202.153756567344,0x4110ea8b4d77ff4c4115cb8f4bbf396804807889
2021-05-31,710.54059759957,3.8877326859607334e-07,19.925865162812567,0.41600248525949396,20683.81895772625,142.25219590416097,0.03146795631219649,1741.789783432379,13268.588377471779,10204.64410232309,0x4110ea8b4d77ff4c4115cb8f4bbf396804807889
2021-06-01,710.5406140921675,3.887789990652571e-07,19.92587419899661,0.416002712533852,20694.05223397535,142.25219824814826,0.031467999622309,1741.7929120488707,13271.846318634296,10207.135055972238,0x4110ea8b4d77ff4c4115cb8f4bbf396804807889
2021-06-02,710.540629460204,3.8878494940946745e-07,19.925909117858165,0.4160029568366053,20704.288089118243,142.2522008287898,0.03146804277943035,1741.796032170897,13275.105059761063,10209.626617663178,0x4110ea8b4d77ff4c4115cb8f4bbf396804807889
2021-06-03,710.5406420344415,3.88791069610109e-07,19.925959867778882,0.4160032147493259,20714.526523805907,142.2522034481346,0.03146808563645189,1741.7991526443523,13278.36460104851,10212.118787544334,0x4110ea8b4d77ff4c4115cb8f4bbf396804807889
2021-06-04,710.5406556277673,3.8879712486680877e-07,19.9260096782897,0.41600346742157185,20724.767538689488,142.25220603180293,0.03146813813128993,1741.8022551685974,13281.624942693114,10214.611565764164,0x4110ea8b4d77ff4c4115cb8f4bbf396804807889
2021-06-05,710.5406700348569,3.888030746868938e-07,19.92605786666945,0.416003711707187,20735.011134420292,142.25220836649066,0.031468194526683944,1741.8053633509196,13284.886084891401,10217.104952471163,0x4110ea8b4d77ff4c4115cb8f4bbf396804807889
2021-06-06,710.540684967245,3.8880840815424565e-07,19.92610366366111,0.41600391137049714,20745.257311649795,142.25221058923177,0.03146824913958221,1741.8084699835374,13288.148027839945,10219.598947813864,0x4110ea8b4d77ff4c4115cb8f4bbf396804807889
2021-06-07,710.5407163136351,3.888138428360498e-07,19.92614884767671,0.4160041176630301,20755.506071029635,142.2522135494078,0.03146830402140698,1741.8115587875225,13291.410771735369,10222.093551940832,0x4110ea8b4d77ff4c4115cb8f4bbf396804807889
2021-06-08,710.5407721356538,3.888191858485245e-07,19.9261905134009,0.4160043173254588,20765.757413211617,142.25222392235452,0.0314683584789594,1741.814655752324,13294.674316774343,10224.588765000673,0x4110ea8b4d77ff4c4115cb8f4bbf396804807889
2021-06-09,710.5408320942777,3.888244172752219e-07,19.926229648847734,0.4160045092748715,20776.011338847708,142.2522343374405,0.03146841008408235,1741.8177427388555,13297.938663153587,10227.08458714203,0x4110ea8b4d77ff4c4115cb8f4bbf396804807889
2021-06-10,710.5410099843502,3.888292037362105e-07,19.926267560133372,0.4160046720009869,20786.26784859004,142.25226290402617,0.031468462857692996,1741.822168009323,13301.203811069869,10229.581018513576,0x4110ea8b4d77ff4c4115cb8f4bbf396804807889
2021-06-11,710.5413307948195,3.888339939199259e-07,19.926296148426015,0.4160048352403284,20796.526943090914,142.2523113044689,0.0314685156526364,1741.8281452471233,13304.469760720001,10232.078059264026,0x4110ea8b4d77ff4c4115cb8f4bbf396804807889
2021-06-12,710.541649274305,3.8883903509152787e-07,19.926314931304184,0.41600501670836937,20806.78862300279,142.2524055888375,0.031468569216127215,1741.834147108522,13307.736512300851,10234.575709542129,0x4110ea8b4d77ff4c4115cb8f4bbf396804807889
2021-06-13,710.5419689050022,3.88845820025052e-07,19.92633394144901,0.4160053311968024,20817.052888978298,142.2525016842246,0.0314686229221018,1741.8401524595654,13311.004066009331,10237.07396949667,0x4110ea8b4d77ff4c4115cb8f4bbf396804807889
2021-06-14,710.5422616921775,3.888512553492716e-07,19.92635305471226,0.4160055371641598,20827.31974167023,142.2525999482018,0.03146867615646835,1741.846200720437,13314.2724220424,10239.572839276472,0x4110ea8b4d77ff4c4115cb8f4bbf396804807889
2021-06-15,710.5425348533648,3.888567708534821e-07,19.926372456366888,0.416005748952709,20837.589181731546,142.25270064516002,0.031468727335480916,1741.852261676096,13317.54158059707,10242.072319030392,0x4110ea8b4d77ff4c4115cb8f4bbf396804807889
2021-06-16,710.5428426712297,3.8886212852329277e-07,19.92639426409059,0.41600595036355026,20847.861209815368,142.2527895205401,0.03146877869100331,1741.8583024372526,13320.811541870395,10244.572408907326,0x4110ea8b4d77ff4c4115cb8f4bbf396804807889
2021-06-17,710.543338340845,3.888672376759221e-07,19.926443341845076,0.41600613693107963,20858.135826574984,142.25282788930429,0.03146883139726957,1741.862988764391,13324.082306059481,10247.073109056206,0x4110ea8b4d77ff4c4115cb8f4bbf396804807889
2021-06-18,710.5439061176257,3.8887398549204966e-07,19.926505937692703,0.41600644996384106,20868.413032663844,142.25286265809797,0.03146888310585958,1741.867436999328,13327.353873361484,10249.574419625998,0x4110ea8b4d77ff4c4115cb8f4bbf396804807889
2021-06-19,710.54449079463,3.8888059707794256e-07,19.926576456894548,0.4160067486650212,20878.692828735573,142.25289840147988,0.03146893346037886,1741.8718716802368,13330.626243973607,10252.076340765707,0x4110ea8b4d77ff4c4115cb8f4bbf396804807889
2021-06-20,710.5450936323114,3.888880022326309e-07,19.92665528321117,0.41600711895175985,20888.975215443952,142.25293451022893,0.031468979879995855,1741.8762947199004,13333.8994180931,10254.57887262437,0x4110ea8b4d77ff4c4115cb8f4bbf396804807889
2021-06-21,710.5454494120322,3.8889544303365657e-07,19.926730510404784,0.4160074922781062,20899.26019344293,142.2529725830621,0.0314690236784942,1741.8807316860948,13337.173395917263,10257.082015351067,0x4110ea8b4d77ff4c4115cb8f4bbf396804807889
2021-06-22,710.5454918941412,3.8890333016011305e-07,19.926807744555365,0.4160079096175576,20909.54776338662,142.2530103838904,0.03146906461939805,1741.8857002618968,13340.448177643444,10259.585769094909,0x4110ea8b4d77ff4c4115cb8f4bbf396804807889
2021-06-23,710.5461995797556,3.889112066783423e-07,19.926878986769797,0.4160083241250596,20919.837925929307,142.25304797779444,0.031469104536838856,1741.893824128064,13343.72376346904,10262.090134005046,0x4110ea8b4d77ff4c4115cb8f4bbf396804807889
2021-06-24,710.5470219915517,3.8891904753349206e-07,19.92694820667087,0.41600873507958863,20930.13068172543,142.2530927858101,0.03146914409871261,1741.8989052079278,13347.000153591494,10264.595110230663,0x4110ea8b4d77ff4c4115cb8f4bbf396804807889
2021-06-25,710.5478906261758,3.889266619850368e-07,19.927014278130237,0.41600912311328847,20940.426031429604,142.25314365819364,0.03146918443391144,1741.9016813088956,13350.277348208301,10267.100697920981,0x4110ea8b4d77ff4c4115cb8f4bbf396804807889
2021-06-26,710.5487829827078,3.8893450893519994e-07,19.927054809783012,0.41600953455363077,20950.723975696605,142.25320884882342,0.031469224823767294,1741.9057811581001,13353.555347517004,10269.606897225261,0x4110ea8b4d77ff4c4115cb8f4bbf396804807889
2021-06-27,710.5496875216919,3.889418711315094e-07,19.927082317105498,0.4160098976633635,20961.024515181372,142.2532627564643,0.03146925745919268,1741.9108353898694,13356.834151715191,10272.113708292798,0x4110ea8b4d77ff4c4115cb8f4bbf396804807889
2021-06-28,710.5506000721124,3.8894907544969845e-07,19.927109941294717,0.4160102455389042,20971.327650539017,142.2533051424374,0.03146930782937832,1741.9158669919866,13360.113761000503,10274.621131272921,0x4110ea8b4d77ff4c4115cb8f4bbf396804807889
2021-06-29,710.5515346806345,3.889562771508626e-07,19.92713736727733,0.41601059301614235,20981.63338242481,142.25333008588692,0.03146936403589095,1741.9207218255253,13363.394175570626,10277.129166315,0x4110ea8b4d77ff4c4115cb8f4bbf396804807889
2021-06-30,710.5524582430929,3.889635835864075e-07,19.927163441724637,0.4160109499457536,20991.941711494193,142.253365268896,0.0314694248759701,1741.925226043266,13366.675395623295,10279.637813568439,0x4110ea8b4d77ff4c4115cb8f4bbf396804807889
2021-07-01,710.5533706799163,3.889710061037477e-07,19.92719000502848,0.4160113177653194,21002.25263840277,142.25339528500214,0.03146948574928174,1741.9297302707892,13369.957421356297,10282.147073182678,0x4110ea8b4d77ff4c4115cb8f4bbf396804807889
2021-07-02,710.5543256467738,3.8897728169651987e-07,19.927217155002655,0.4160115855035128,21012.56616380631,142.2534193496213,0.031469546625652454,1741.9342868242638,13373.240252967464,10284.656945307195,0x4110ea8b4d77ff4c4115cb8f4bbf396804807889
2021-07-03,710.5552984507442,3.8898330536539133e-07,19.927245651480696,0.41601183101202943,21022.88228836075,142.2534435565892,0.031469639881026815,1741.9388399125714,13376.523890654677,10287.167430091504,0x4110ea8b4d77ff4c4115cb8f4bbf396804807889
2021-07-04,710.5562674627236,3.8899033048206463e-07,19.927272243685685,0.41601217278214897,21033.20101272219,142.25346769869572,0.03146984840773816,1741.9435121857798,13379.808334615866,10289.678527685153,0x4110ea8b4d77ff4c4115cb8f4bbf396804807889
2021-07-05,710.557196929661,3.88999125778842e-07,19.927297764068996,0.41601268553813653,21043.522337546903,142.25349373548835,0.031470230852116254,1741.9482551301815,13383.093585049011,10292.190238237732,0x4110ea8b4d77ff4c4115cb8f4bbf396804807889
2021-07-06,710.5581361612589,3.890082140177287e-07,19.927323020235782,0.41601323279142094,21053.84626349132,142.25374069127986,0.031470657059731455,1741.952985218774,13386.37964215214,10294.702561898863,0x4110ea8b4d77ff4c4115cb8f4bbf396804807889
2021-07-07,710.5590819238014,3.8901800487562823e-07,19.92735020695655,0.41601386648321576,21064.17279121204,142.25477014819688,0.03147107573883512,1741.958078208055,13389.666506123329,10297.215498818205,0x4110ea8b4d77ff4c4115cb8f4bbf396804807889
2021-07-08,710.5595946572648,3.8902831230440935e-07,19.927373455515262,0.41601456754083777,21074.50192136583,142.25685990679213,0.03147149177378511,1741.96278294782,13392.954177160702,10299.729049145453,0x4110ea8b4d77ff4c4115cb8f4bbf396804807889
2021-07-09,710.5598670907914,3.890390089449824e-07,19.92739048587117,0.416015322005629,21084.833654609625,142.25925124370346,0.03147190721163976,1741.9676953266535,13396.242655462433,10302.243213030344,0x4110ea8b4d77ff4c4115cb8f4bbf396804807889
2021-07-10,710.5601723122179,3.890498295275987e-07,19.927406691561348,0.4160160939382346,21095.16799160052,142.2616885883101,0.031472317723688956,1741.9728687516038,13399.531941226744,10304.757990622644,0x4110ea8b4d77ff4c4115cb8f4bbf396804807889
2021-07-11,710.5604356473385,3.890607466179093e-07,19.927422636244525,0.41601687953432404,21105.50493299578,142.26404137960085,0.03147272187626663,1741.9778985814664,13402.822034651905,10307.27338207216,0x4110ea8b4d77ff4c4115cb8f4bbf396804807889
2021-07-12,710.5606387220856,3.8907129903885327e-07,19.92743828935725,0.41601761463014464,21115.844479452833,142.26628597736885,0.03147312419336049,1741.9824092313083,13406.112935936235,10309.789387528735,0x4110ea8b4d77ff4c4115cb8f4bbf396804807889
2021-07-13,710.5608531053459,3.890812788345578e-07,19.927454623341646,0.41601827223460747,21126.18663162928,142.26757288597258,0.03147352091669645,1741.9867915389707,13409.404645278104,10312.306007142248,0x4110ea8b4d77ff4c4115cb8f4bbf396804807889
2021-07-14,710.5610948251623,3.8909111101625457e-07,19.927471744525878,0.416018910736053,21136.53139018288,142.26890085144794,0.03147389173255081,1741.990860254585,13412.697162875927,10314.823241062615,0x4110ea8b4d77ff4c4115cb8f4bbf396804807889
2021-07-15,710.5613391536828,3.8910083560813585e-07,19.927488204392283,0.4160195353042831,21146.878755771566,142.27031516067024,0.031474355237541426,1741.9948526931616,13415.990488928172,10317.341089439788,0x4110ea8b4d77ff4c4115cb8f4bbf396804807889
2021-07-16,710.5615907694688,3.8911027099561655e-07,19.92750359681638,0.4160201236808087,21157.228729053433,142.27187419005,0.031474884514315224,1741.998678978193,13419.28462363335,10319.859552423755,0x4110ea8b4d77ff4c4115cb8f4bbf396804807889
2021-07-17,710.5618421518641,3.8911959544375727e-07,19.927514778483555,0.4160206974673591,21167.581310686743,142.2734330578268,0.031475410634339195,1742.00377210107,13422.579567190027,10322.378630164543,0x4110ea8b4d77ff4c4115cb8f4bbf396804807889
2021-07-18,710.5620831277042,3.8912908104180377e-07,19.92752639390509,0.4160212910015883,21177.93650132992,142.27556247270516,0.03147594452779083,1742.0075832797152,13425.875319796813,10324.898322812212,0x4110ea8b4d77ff4c4115cb8f4bbf396804807889
2021-07-19,710.5623218941606,3.891385419133466e-07,19.927538609436088,0.4160218815340362,21188.294301641567,142.2788533686348,0.031476482309307496,1742.0124940027983,13429.171881652368,10327.418630516864,0x4110ea8b4d77ff4c4115cb8f4bbf396804807889
2021-07-20,710.5625665944272,3.891483267390228e-07,19.927551106661955,0.4160225127739806,21198.65471228044,142.28211210667672,0.03147701629526896,1742.0175130951754,13432.469252955403,10329.939553428632,0x4110ea8b4d77ff4c4115cb8f4bbf396804807889
2021-07-21,710.562827775561,3.891580653639289e-07,19.927563037082088,0.4160231381309998,21209.017733905468,142.28536501024536,0.031477547686884634,1742.0224989538415,13435.767433904677,10332.461091697689,0x4110ea8b4d77ff4c4115cb8f4bbf396804807889
2021-07-22,710.5630074255502,3.8916755721974773e-07,19.927573826909573,0.4160237325556501,21219.383367175746,142.28619422323607,0.03147807416235371,1742.027492920682,13439.066424698995,10334.983245474243,0x4110ea8b4d77ff4c4115cb8f4bbf396804807889
2021-07-23,710.5631347492232,3.8917708361265337e-07,19.92758577164792,0.4160243312265744,21229.751612750537,142.2864281355201,0.03147859823281482,1742.0324814546425,13442.366225537213,10337.506014908538,0x4110ea8b4d77ff4c4115cb8f4bbf396804807889
2021-07-24,710.5632587198597,3.891865896371518e-07,19.92759763392142,0.4160249273586357,21240.122471289265,142.28667179192593,0.0314791275960445,1742.0388724550248,13445.666836618237,10340.02940015086,0x4110ea8b4d77ff4c4115cb8f4bbf396804807889
2021-07-25,710.5633810765946,3.891961375727424e-07,19.927609510857888,0.4160255286272706,21250.49594345153,142.28690784333276,0.031479663063634096,1742.0439656954163,13448.968258141018,10342.553401351524,0x4110ea8b4d77ff4c4115cb8f4bbf396804807889
2021-07-26,710.563503691755,3.892058198851204e-07,19.92762131794922,0.41602614670539173,21260.87202989709,142.2871889693876,0.03148019555321895,1742.0517412234758,13452.27049030456,10345.078018660888,0x4110ea8b4d77ff4c4115cb8f4bbf396804807889
2021-07-27,710.5636354630271,3.8921529647741675e-07,19.927632935181617,0.4160267392910292,21271.250731285876,142.2874776267194,0.03148072470801819,1742.056834501492,13455.573533307914,10347.603252229343,0x4110ea8b4d77ff4c4115cb8f4bbf396804807889
2021-07-28,710.563780585164,3.892244311336441e-07,19.92764468918379,0.4160272898263929,21281.63204827798,142.28776029029308,0.03148124428376546,1742.0619277943995,13458.87738735018,10350.129102207316,0x4110ea8b4d77ff4c4115cb8f4bbf396804807889
2021-07-29,710.5639261615371,3.8923351800643957e-07,19.927656599987035,0.4160278346730509,21292.01598153367,142.2880443874682,0.03148176367027584,1742.069680456612,13462.182052630507,10352.655568745276,0x4110ea8b4d77ff4c4115cb8f4bbf396804807889
2021-07-30,710.5640707937029,3.892424109366033e-07,19.92766958918382,0.4160283568469583,21302.40253171337,142.28831081018097,0.031482230136155726,1742.0774180828537,13465.487529348093,10355.182651993724,0x4110ea8b4d77ff4c4115cb8f4bbf396804807889
2021-07-31,710.5642091831129,3.892511946104428e-07,19.927682426098173,0.41602886647616677,21312.79169947768,142.28857069858088,0.03148268990645077,1742.0851520141855,13468.793817702184,10357.710352103199,0x4110ea8b4d77ff4c4115cb8f4bbf396804807889
2021-08-01,710.5643446320024,3.8925925413097403e-07,19.927695344410633,0.41602929792294885,21323.18348548736,142.2888453531174,0.03148315006605478,1742.0930072016881,13472.100917892076,10360.238669224276,0x4110ea8b4d77ff4c4115cb8f4bbf396804807889
2021-08-02,710.5644800565263,3.8926722827841835e-07,19.927708111975683,0.4160297194603871,21333.57789040334,142.2891274468896,0.03148363596502066,1742.1020545232777,13475.408830117114,10362.76760350757,0x4110ea8b4d77ff4c4115cb8f4bbf396804807889
2021-08-03,710.5646151181521,3.8927521728269154e-07,19.9277215797249,0.41603014252428516,21343.97491488672,142.28941013946144,0.03148414353005084,1742.107147948396,13478.717554576691,10365.297155103726,0x4110ea8b4d77ff4c4115cb8f4bbf396804807889
2021-08-04,710.56474674188,3.8928287185338494e-07,19.92773505547707,0.4160305315328858,21354.374559598764,142.28971323157637,0.03148465259268097,1742.1161525239406,13482.02709147025,10367.827324163434,0x4110ea8b4d77ff4c4115cb8f4bbf396804807889
2021-08-05,710.5648737490187,3.89290583661725e-07,19.927749190627118,0.4160309269536013,21364.776825200905,142.28987627009732,0.03148512129028605,1742.1212459902777,13485.337440997282,10370.358110837415,0x4110ea8b4d77ff4c4115cb8f4bbf396804807889
2021-08-06,710.5649985221772,3.892981800432847e-07,19.927764475001315,0.41603130999593074,21375.181712354737,142.2898937678159,0.031485583069981365,1742.1263394715065,13488.648603357327,10372.889515276429,0x4110ea8b4d77ff4c4115cb8f4bbf396804807889
2021-08-07,710.5651229878073,3.89305889798306e-07,19.927779491566064,0.41603170415568036,21385.58922172203,142.2899121253306,0.03148604433295322,1742.1314329676275,13491.960578749977,10375.421537631271,0x4110ea8b4d77ff4c4115cb8f4bbf396804807889
2021-08-08,710.565247400719,3.893138909829592e-07,19.927794475364472,0.4160321302174658,21395.999353964722,142.28993419854896,0.03148651733452912,1742.1432620141836,13495.273367374868,10377.954178052778,0x4110ea8b4d77ff4c4115cb8f4bbf396804807889
2021-08-09,710.5653699158515,3.8932299394093486e-07,19.927809467749984,0.4160326766468857,21406.412109744906,142.2899780577401,0.031486997298074304,1742.1554509392454,13498.586969431688,10380.487436691817,0x4110ea8b4d77ff4c4115cb8f4bbf396804807889
2021-08-10,710.5654899390793,3.8933211687887885e-07,19.927824554650854,0.41603322542722576,21416.827489724856,142.29000417872103,0.0314874767785747,1742.1677766881091,13501.901385120174,10383.021313699295,0x4110ea8b4d77ff4c4115cb8f4bbf396804807889
2021-08-11,710.5656064642519,3.8934082271476153e-07,19.9278400086448,0.41603372756587853,21427.245494567003,142.29001091596479,0.031487956933683836,1742.1801421010505,13505.216614640112,10385.555809226156,0x4110ea8b4d77ff4c4115cb8f4bbf396804807889
2021-08-12,710.5657239767772,3.89348886693973e-07,19.9278553390543,0.4160341581459353,21437.666124933956,142.29002322986588,0.03148846862291196,1742.1925126949452,13508.532658191336,10388.090923423382,0x4110ea8b4d77ff4c4115cb8f4bbf396804807889
2021-08-13,710.5658393207606,3.893571818470393e-07,19.92787091948528,0.41603461324116325,21448.089381488484,142.29003655503828,0.031488924290053066,1742.1976063845382,13511.849515973729,10390.62665644199,0x4110ea8b4d77ff4c4115cb8f4bbf396804807889
2021-08-14,710.5659513028588,3.893655048179099e-07,19.927885667765338,0.416035071325945,21458.515264893525,142.29004742840252,0.03148936760557693,1742.2100209478467,13515.167188187224,10393.163008433032,0x4110ea8b4d77ff4c4115cb8f4bbf396804807889
2021-08-15,710.566063723031,3.8937391728278467e-07,19.927899009577548,0.41603553921738406,21468.943775812186,142.29005923925826,0.0314898129703631,1742.2235124214665,13518.485675031805,10395.699979547602,0x4110ea8b4d77ff4c4115cb8f4bbf396804807889
2021-08-16,710.5661787107069,3.8938244928923666e-07,19.927912578872547,0.4160360202974385,21479.374914907738,142.2900709725652,0.03149017395178218,1742.2384877974969,13521.8049767075,10398.237569936828,0x4110ea8b4d77ff4c4115cb8f4bbf396804807889
2021-08-17,710.5662956975326,3.893913929103038e-07,19.927926278059363,0.41603654817857255,21489.808682843624,142.2900836447182,0.031490336697349436,1742.2536731332016,13525.125093414392,10400.775779751873,0x4110ea8b4d77ff4c4115cb8f4bbf396804807889
2021-08-18,710.5664105197352,3.893994038084652e-07,19.92794020193717,0.41603697720769506,21500.245080283457,142.29009722989696,0.03149037942062854,1742.268719469563,13528.446025352607,10403.31460914394,0x4110ea8b4d77ff4c4115cb8f4bbf396804807889
2021-08-19,710.5665250954771,3.894068428147409e-07,19.927954433776733,0.416037344935022,21510.68410789101,142.29012159415583,0.03149042302473138,1742.2738133819635,13531.767772722325,10405.854058264267,0x4110ea8b4d77ff4c4115cb8f4bbf396804807889
2021-08-20,710.5666442273515,3.8941431379414126e-07,19.927967267089542,0.4160377156689201,21521.12576633023,142.29015085996204,0.031490466960492895,1742.2888987811425,13535.090335723775,10408.394127264131,0x4110ea8b4d77ff4c4115cb8f4bbf396804807889
2021-08-21,710.5667690900914,3.894217072923787e-07,19.92797978956163,0.41603807886041716,21531.57005626523,142.29016975076686,0.031490509115654236,1742.3039920910371,13538.413714557231,10410.934816294843,0x4110ea8b4d77ff4c4115cb8f4bbf396804807889
2021-08-22,710.5668930858031,3.894289825816771e-07,19.927993033806626,0.4160384307184539,21542.01697836029,142.29018350154936,0.03149055056972636,1742.309086106565,13541.737909423022,10413.476125507754,0x4110ea8b4d77ff4c4115cb8f4bbf396804807889
2021-08-23,710.5670168438911,3.8943628777531573e-07,19.928006338089148,0.416038785680036,21552.466533279858,142.29019734483157,0.03149059053242105,1742.3241147565677,13545.062920521521,10416.018055054248,0x4110ea8b4d77ff4c4115cb8f4bbf396804807889
2021-08-24,710.5671386184752,3.8944362064262015e-07,19.928019743760565,0.4160391437385064,21562.91872168855,142.2902102363661,0.03149062871907554,1742.3392232997187,13548.388748053152,10418.560605085751,0x4110ea8b4d77ff4c4115cb8f4bbf396804807889
2021-08-25,710.5672584538434,3.894509767362402e-07,19.928033564453237,0.4160395040194263,21573.373544251153,142.29024965184414,0.031490667015924546,1742.3544295933175,13551.71539221839,10421.103775753723,0x4110ea8b4d77ff4c4115cb8f4bbf396804807889
2021-08-26,710.5673721611946,3.894582430381164e-07,19.92804776754494,0.41603985572369506,21583.83100163262,142.29030410828688,0.03149070151304829,1742.360916248158,13555.042853217756,10423.647567209662,0x4110ea8b4d77ff4c4115cb8f4bbf396804807889
2021-08-27,710.5674932205104,3.894655796740836e-07,19.92806149847144,0.4160402141037416,21594.291094498072,142.29035389602504,0.0314907361000863,1742.3674431308712,13558.371131251823,10426.1919796051,0x4110ea8b4d77ff4c4115cb8f4bbf396804807889
2021-08-28,710.5676300661205,3.894731311437734e-07,19.928075004462585,0.41604059332827076,21604.753823512798,142.2904037359774,0.03149077120410306,1742.373980606292,13561.700226521212,10428.737013091612,0x4110ea8b4d77ff4c4115cb8f4bbf396804807889
2021-08-29,710.5677655684331,3.8948068043946134e-07,19.928088451861605,0.4160409723031247,21615.219189342253,142.2904542548743,0.031490804762817175,1742.3805189585812,13565.030139226594,10431.282667820802,0x4110ea8b4d77ff4c4115cb8f4bbf396804807889
2021-08-30,710.5678890948308,3.8948819236560915e-07,19.92810112222165,0.4160413476166244,21625.687192652065,142.29050721447794,0.031490840368002176,1742.3856131978525,13568.360869568687,10433.828943944318,0x4110ea8b4d77ff4c4115cb8f4bbf396804807889
2021-08-31,710.567959787854,3.8949599703626304e-07,19.928113722644415,0.4160417531412535,21636.15783410803,142.29056207474468,0.031490887185458005,1742.3907074520182,13571.692417748262,10436.37584161384,0x4110ea8b4d77ff4c4115cb8f4bbf396804807889
2021-09-01,710.5680514905933,3.895046599051259e-07,19.928126399163403,0.4160422494346214,21646.63111437611,142.29061197865835,0.031490929059378905,1742.397060034799,13575.024783966137,10438.92336098109,0x4110ea8b4d77ff4c4115cb8f4bbf396804807889
2021-09-02,710.5681777556915,3.895119495540356e-07,19.928138981866578,0.4160426103057714,21657.107034122433,142.29066219526712,0.03149097153146954,1742.4032824903684,13578.357968423179,10441.471502197825,0x4110ea8b4d77ff4c4115cb8f4bbf396804807889
2021-09-03,710.5683104540628,3.8951838150183024e-07,19.928151503741415,0.41604288792400285,21667.5855940133,142.29071296480026,0.03149101746194054,1742.408376796194,13581.691971320304,10444.020265415835,0x4110ea8b4d77ff4c4115cb8f4bbf396804807889
2021-09-04,710.568442598276,3.8952474741162686e-07,19.92816361694914,0.4160431600429111,21678.066794715178,142.29076399158242,0.03149106320255084,1742.413471116914,13585.026792858482,10446.569650786952,0x4110ea8b4d77ff4c4115cb8f4bbf396804807889
2021-09-05,710.5685719895155,3.8953128339415367e-07,19.92817483401984,0.41604344641635455,21688.550636894706,142.29081488161407,0.031491109017652834,1742.419640772761,13588.362433238724,10449.119658463045,0x4110ea8b4d77ff4c4115cb8f4bbf396804807889
2021-09-06,710.5686818012341,3.895376827933094e-07,19.92818575716753,0.4160437217986885,21699.037121218687,142.29086565190815,0.031491155751727395,1742.4257228754584,13591.698892662098,10451.670288596019,0x4110ea8b4d77ff4c4115cb8f4bbf396804807889
2021-09-07,710.5687839288938,3.895442239603885e-07,19.928196828179036,0.4160440096226823,21709.526248354094,142.2909230273604,0.031491200624187345,1742.431801738833,13595.036171329717,10454.221541337813,0x4110ea8b4d77ff4c4115cb8f4bbf396804807889
2021-09-08,710.5688561384005,3.8955135307406316e-07,19.928208367474028,0.4160443501258848,21720.01801896807,142.2910848938249,0.03149124616703091,1742.4375908336433,13598.374269442746,10456.773416840408,0x4110ea8b4d77ff4c4115cb8f4bbf396804807889
2021-09-09,710.568896333299,3.8955860253936227e-07,19.928220005899643,0.41604470185165415,21730.512433727923,142.29124360093974,0.03149128064487361,1742.4426852397771,13601.713187202397,10459.325915255818,0x4110ea8b4d77ff4c4115cb8f4bbf396804807889
2021-09-10,710.5689332862539,3.89565941863634e-07,19.928231340715346,0.416045062420783,21741.009493301135,142.29140651944996,0.03149131283770439,1742.4484810956394,13605.052924809934,10461.879036736098,0x4110ea8b4d77ff4c4115cb8f4bbf396804807889
2021-09-11,710.5689604058806,3.895736817274224e-07,19.92824235438297,0.4160454630406718,21751.509198355354,142.2915742346657,0.031491344987291135,1742.4535755336133,13608.393482466669,10464.432781433337,0x4110ea8b4d77ff4c4115cb8f4bbf396804807889
2021-09-12,710.5689843689881,3.895809562935041e-07,19.92825374058541,0.41604581753993825,21762.011549558396,142.29174284771824,0.03149137751403405,1742.458669986482,13611.734860373961,10466.987149499662,0x4110ea8b4d77ff4c4115cb8f4bbf396804807889
2021-09-13,710.5690072558828,3.895881887913403e-07,19.92826549188692,0.4160461679720613,21772.51654757825,142.29191625921192,0.03149140994626414,1742.4637644542454,13615.077058733223,10469.542141087239,0x4110ea8b4d77ff4c4115cb8f4bbf396804807889
2021-09-14,710.5690312503467,3.8959533988006424e-07,19.9282776746716,0.41604651075283344,21783.024193083067,142.29209423603814,0.03149144077058008,1742.4695646165508,13618.420077745914,10472.097756348267,0x4110ea8b4d77ff4c4115cb8f4bbf396804807889
2021-09-15,710.5690581103056,3.896024071744788e-07,19.928289864245286,0.4160468456486224,21793.534486741177,142.29226225060344,0.03149146522716116,1742.4753701971945,13621.763917613545,10474.653995434986,0x4110ea8b4d77ff4c4115cb8f4bbf396804807889
2021-09-16,710.5691180552805,3.8960966339006365e-07,19.928298161453938,0.41604719855720046,21804.047429221067,142.2924291661725,0.031491489825294705,1742.4812089166091,13625.108578537676,10477.210858499673,0x4110ea8b4d77ff4c4115cb8f4bbf396804807889
2021-09-17,710.5691583795731,3.896172965678079e-07,19.92830216292485,0.4160475881129645,21814.563021191403,142.29260203257695,0.03149151473851747,1742.4870494076947,13628.454060719914,10479.76834569464,0x4110ea8b4d77ff4c4115cb8f4bbf396804807889
2021-09-18,710.5692002626324,3.896249934285797e-07,19.92830606737359,0.4160479840664455,21825.08126332101,142.2927798626052,0.03149154234210434,1742.4928925163574,13631.800364361918,10482.326457172237,0x4110ea8b4d77ff4c4115cb8f4bbf396804807889
2021-09-19,710.569242445267,3.89632944016019e-07,19.928310033561203,0.41604840660714654,21835.602156278896,142.29295837041985,0.031491574050085416,1742.4987393123665,13635.147489665394,10484.885193084852,0x4110ea8b4d77ff4c4115cb8f4bbf396804807889
2021-09-20,710.5692837808576,3.8964130376165785e-07,19.928314061873735,0.41604887162432735,21846.125700734225,142.29313648029768,0.03149160600885177,1742.5045760624796,13638.495436832103,10487.44455358491,0x4110ea8b4d77ff4c4115cb8f4bbf396804807889
2021-09-21,710.5693234263204,3.8964954644373117e-07,19.928317864236238,0.4160493240370136,21856.651897356336,142.2933073900283,0.03149164533925984,1742.5105508042313,13641.84420606385,10490.00453882487,0x4110ea8b4d77ff4c4115cb8f4bbf396804807889
2021-09-22,710.5693631704598,3.89657561536469e-07,19.92832150443606,0.41604975231876345,21867.180746814738,142.29332221561486,0.03149168188642306,1742.5156454236799,13645.193797562491,10492.565148957236,0x4110ea8b4d77ff4c4115cb8f4bbf396804807889
2021-09-23,710.5694028939752,3.896656105377256e-07,19.92832493112584,0.4160501841177392,21877.712249779106,142.29363897626092,0.03149171845015064,1742.5218444933223,13648.544211529932,10495.126384134539,0x4110ea8b4d77ff4c4115cb8f4bbf396804807889
2021-09-24,710.569442609397,3.896737290102832e-07,19.928328239494334,0.41605062327169284,21888.24640691929,142.2939892515392,0.031491754802251526,1742.5281113476271,13651.895448168128,10497.688244509356,0x4110ea8b4d77ff4c4115cb8f4bbf396804807889
2021-09-25,710.5694821758302,3.8968182999496587e-07,19.928331492240215,0.4160510605641428,21898.783218905304,142.29433522011635,0.03149179123591178,1742.533206018418,13655.247507679087,10500.250730234296,0x4110ea8b4d77ff4c4115cb8f4bbf396804807889
2021-09-26,710.5695214357713,3.896899438814672e-07,19.928334886488255,0.4160514996299646,21909.322686407333,142.29467933799862,0.03149182761800791,1742.5383007041041,13658.60039026486,10502.813841462008,0x4110ea8b4d77ff4c4115cb8f4bbf396804807889
2021-09-27,710.5695610090788,3.8969808088620327e-07,19.928338207996966,0.4160519412735515,21919.864810095733,142.2950165814866,0.031491863836971,1742.5448176606212,13661.954096127554,10505.377578345177,0x4110ea8b4d77ff4c4115cb8f4bbf396804807889
2021-09-28,710.5696029869969,3.897062622275855e-07,19.928341509667824,0.4160523875771146,21930.409590641026,142.2953490336707,0.031491899996216766,1742.5499123802567,13665.308625469323,10507.941941036523,0x4110ea8b4d77ff4c4115cb8f4bbf396804807889
2021-09-29,710.5696553462926,3.897144054880777e-07,19.928344807286784,0.4160528297883756,21940.957028713907,142.29567008871558,0.03149193665928564,1742.5550071147877,13668.663978492368,10510.506929688809,0x4110ea8b4d77ff4c4115cb8f4bbf396804807889
2021-09-30,710.5697086868647,3.8972252587508903e-07,19.928350604139393,0.4160532698225934,21951.507124985237,142.29600135859715,0.0314919727894898,1742.5615241378339,13672.020155398946,10513.07254445483,0x4110ea8b4d77ff4c4115cb8f4bbf396804807889
2021-10-01,710.5697573376791,3.897326723531911e-07,19.9283584567093,0.4160539484341176,21962.059880126053,142.29635577731364,0.03149200781195054,1742.568121817571,13675.377156391358,10515.638785487423,0x4110ea8b4d77ff4c4115cb8f4bbf396804807889
2021-10-02,710.5697949178342,3.8974266787250856e-07,19.928366244481836,0.4160546070712659,21972.615294807554,142.2966186976166,0.03149204262235282,1742.5747170546185,13678.734981671956,10518.205652939458,0x4110ea8b4d77ff4c4115cb8f4bbf396804807889
2021-10-03,710.5698204600934,3.897525994209208e-07,19.92837105488486,0.4160552570318456,21983.173369701115,142.296836778582,0.031492078130474985,1742.5812952817719,13682.093631443144,10520.773146963844,0x4110ea8b4d77ff4c4115cb8f4bbf396804807889
2021-10-04,710.569845394231,3.8976237963919956e-07,19.928374750268553,0.4160558862679742,21993.734105478274,142.29705120231276,0.031492113834319276,1742.586390108058,13685.453105907372,10523.341267713526,0x4110ea8b4d77ff4c4115cb8f4bbf396804807889
2021-10-05,710.5698722631294,3.8977205283148895e-07,19.928378492555662,0.41605650201657873,22004.297502810747,142.297195165683,0.03149214879708051,1742.5929586108552,13688.813405267143,10525.91001534149,0x4110ea8b4d77ff4c4115cb8f4bbf396804807889
2021-10-06,710.5699000904783,3.8978227764140865e-07,19.92838217540463,0.416057190964536,22014.863562370414,142.29733213528354,0.031492183453014425,1742.5980534712414,13692.174529725009,10528.479390000755,0x4110ea8b4d77ff4c4115cb8f4bbf396804807889
2021-10-07,710.5699278993902,3.897945659610347e-07,19.928386027842798,0.4160581912225883,22025.432284829327,142.29745957517443,0.031492218236240155,1742.6031483465238,13695.53647948357,10531.04939184438,0x4110ea8b4d77ff4c4115cb8f4bbf396804807889
2021-10-08,710.5699557633874,3.89808987938555e-07,19.92839020167684,0.4160595537292843,22036.00367085971,142.29761026920343,0.03149225687616132,1742.608243236702,13698.899254745478,10533.620021025463,0x4110ea8b4d77ff4c4115cb8f4bbf396804807889
2021-10-09,710.5699835810751,3.898231280921857e-07,19.92839392221871,0.41606086459984615,22046.577721133952,142.29776192471792,0.03149229384583386,1742.614810937447,13702.262855713434,10536.191277697133,0x4110ea8b4d77ff4c4115cb8f4bbf396804807889
2021-10-10,710.5700195176782,3.8983790780028947e-07,19.928396476281925,0.4160622938390248,22057.154436324614,142.2979148888944,0.03149233152997401,1742.6199058617233,13705.627282590187,10538.763162012563,0x4110ea8b4d77ff4c4115cb8f4bbf396804807889
2021-10-11,710.5700580599181,3.898522281618533e-07,19.92839901740565,0.4160636360042491,22067.73381710443,142.29806675232146,0.03149236527552467,1742.6250008008958,13708.992535578538,10541.33567412496,0x4110ea8b4d77ff4c4115cb8f4bbf396804807889
2021-10-12,710.5700942587442,3.8986590369845214e-07,19.928401496455805,0.4160648625922793,22078.315864146298,142.2982170945359,0.031492393390188445,1742.6315813831266,13712.358614881337,10543.90881418757,0x4110ea8b4d77ff4c4115cb8f4bbf396804807889
2021-10-13,710.5701482450249,3.898775521417761e-07,19.928404064646514,0.4160657547948463,22088.900578123295,142.2983624894992,0.03149242160358178,1742.6366763564351,13715.725520701484,10546.482582353678,0x4110ea8b4d77ff4c4115cb8f4bbf396804807889
2021-10-14,710.5702079275469,3.898888636954656e-07,19.92840647393489,0.41606659708611676,22099.487959708662,142.29850635027464,0.03149245019583681,1742.6432542884766,13719.093253241928,10549.056978776598,0x4110ea8b4d77ff4c4115cb8f4bbf396804807889
2021-10-15,710.5702673166103,3.898997756134786e-07,19.928408767198068,0.41606738326511455,22110.07800957581,142.29868961948512,0.03149261339612946,1742.6483492959135,13722.46181270567,10551.632003609691,0x4110ea8b4d77ff4c4115cb8f4bbf396804807889
2021-10-16,710.5703276578308,3.899104265763291e-07,19.92841093772712,0.41606813098761425,22120.67072839832,142.2988717916956,0.03149277655474018,1742.6564654639417,13725.831199295757,10554.207657006353,0x4110ea8b4d77ff4c4115cb8f4bbf396804807889
2021-10-17,710.5703895078229,3.8992108981016406e-07,19.92841305205756,0.4160688803841472,22131.266116849947,142.2990544581142,0.03149293975968897,1742.661560511204,13729.20141321529,10556.783939120014,0x4110ea8b4d77ff4c4115cb8f4bbf396804807889
2021-10-18,710.5704513605068,3.8993175259147813e-07,19.92841516295191,0.41606962967881916,22141.864175604616,142.2992371247438,0.03149310296545487,1742.6666555721633,13732.57245466742,10559.360850104145,0x4110ea8b4d77ff4c4115cb8f4bbf396804807889
2021-10-19,710.5705132131961,3.8994241566437663e-07,19.928417273846485,0.4160703789748405,22152.46490533642,142.2994197916079,0.031493266172066554,1742.6717506480193,13735.944323855341,10561.938390112255,0x4110ea8b4d77ff4c4115cb8f4bbf396804807889
2021-10-20,710.5705750658908,3.899530790288675e-07,19.928419384741282,0.41607112827221127,22163.068306719622,142.2996024587065,0.03149342937952402,1742.6768457387718,13739.317020982307,10564.516559297886,0x4110ea8b4d77ff4c4115cb8f4bbf396804807889
2021-10-21,710.5706369185908,3.899637426849587e-07,19.928421495636304,0.41607187757093145,22173.674380428656,142.29978512603955,0.03149359258782728,1742.681940844421,13742.690546251615,10567.095357814622,0x4110ea8b4d77ff4c4115cb8f4bbf396804807889
2021-10-22,710.5706987712963,3.899744066326582e-07,19.928423606531545,0.416072626871001,22184.28312713813,142.2999677936071,0.03149375579697633,1742.6870359649668,13746.064899866613,10569.674785816082,0x4110ea8b4d77ff4c4115cb8f4bbf396804807889
2021-10-23,710.5707606240071,3.89985070871974e-07,19.92842571742701,0.41607337617241996,22194.894547522817,142.30015046140915,0.03149391900697118,1742.6921311004091,13749.4400820307,10572.254843455921,0x4110ea8b4d77ff4c4115cb8f4bbf396804807889
2021-10-24,710.5708224767233,3.899957354029141e-07,19.9284278283227,0.41607412547518835,22205.508642257668,142.30033312944568,0.03149408221781184,1742.6972262507484,13752.816092947323,10574.835530887838,0x4110ea8b4d77ff4c4115cb8f4bbf396804807889
2021-10-25,710.5708843294449,3.900064002254864e-07,19.928429939218613,0.41607487477930616,22216.125412017795,142.30051579771668,0.031494245429498295,1742.7023214159844,13756.192932819984,10577.416848265562,0x4110ea8b4d77ff4c4115cb8f4bbf396804807889
2021-10-26,710.5709461821718,3.9001706533969895e-07,19.92843205011475,0.4160756240847734,22226.744857478487,142.3006984662222,0.03149440864203057,1742.7074165961174,13759.570601852229,10579.998795742864,0x4110ea8b4d77ff4c4115cb8f4bbf396804807889
2021-10-27,710.5710080349043,3.9002773074555965e-07,19.92843416101111,0.41607637339159004,22237.366979315204,142.3008811349622,0.03149457185540865,1742.712511791147,13762.949100247657,10582.581373473551,0x4110ea8b4d77ff4c4115cb8f4bbf396804807889
2021-10-28,710.571069887642,3.9003839644307655e-07,19.928436271907696,0.4160771226997561,22247.991778203577,142.30106380393667,0.03149473506963256,1742.717607001074,13766.328428209918,10585.164581611469,0x4110ea8b4d77ff4c4115cb8f4bbf396804807889
2021-10-29,710.5711317403851,3.900490624322576e-07,19.928438382804504,0.4160778720092716,22258.619254819405,142.30124647314565,0.03149489828470229,1742.7227022258976,13769.708585942708,10587.7484203105,0x4110ea8b4d77ff4c4115cb8f4bbf396804807889
2021-10-30,710.5711935931337,3.9005972871311074e-07,19.928440493701537,0.4160786213201365,22269.249409838656,142.30142914258911,0.03149506150061785,1742.7277974656183,13773.089573649777,10590.332889724563,0x4110ea8b4d77ff4c4115cb8f4bbf396804807889
2021-10-31,710.5712554458876,3.9007039528564397e-07,19.928442604598793,0.41607937063235084,22279.882243937474,142.30161181226705,0.03149522471737924,1742.7328927202361,13776.471391534924,10592.917990007616,0x4110ea8b4d77ff4c4115cb8f4bbf396804807889
2021-11-01,710.5713172986468,3.9008106214986527e-07,19.928444715496273,0.4160801199459146,22290.517757792175,142.3017944821795,0.03149538793498647,1742.737987989751,13779.854039801996,10595.503721313653,0x4110ea8b4d77ff4c4115cb8f4bbf396804807889
2021-11-02,710.5713791514115,3.9009172930578265e-07,19.928446826393976,0.41608086926082777,22301.15595207924,142.30197715232643,0.03149555115343954,1742.7430832741632,13783.237518654892,10598.09008379671,0x4110ea8b4d77ff4c4115cb8f4bbf396804807889
2021-11-03,710.5714410041816,3.9010239675340403e-07,19.928448937291904,0.41608161857709036,22311.796827475326,142.30215982270784,0.03149571437273846,1742.7481785734724,13786.621828297562,10600.677077610853,0x4110ea8b4d77ff4c4115cb8f4bbf396804807889
2021-11-04,710.571502856957,3.901130644927374e-07,19.928451048190055,0.41608236789470243,22322.440384657257,142.30234249332375,0.03149587759288323,1742.753273887679,13790.006968934005,10603.264702910194,0x4110ea8b4d77ff4c4115cb8f4bbf396804807889
2021-11-05,710.5715647097378,3.9012373252379076e-07,19.92845315908843,0.4160831172136639,22333.086624302032,142.30252516417414,0.03149604081387385,1742.7583692167827,13793.392940768268,10605.852959848875,0x4110ea8b4d77ff4c4115cb8f4bbf396804807889
2021-11-06,710.571626562524,3.901344008465721e-07,19.92845526998703,0.41608386653397483,22343.73554708682,142.30270783525904,0.03149620403571034,1742.7634645607839,13796.77974400445,10608.44184858108,0x4110ea8b4d77ff4c4115cb8f4bbf396804807889
2021-11-07,710.5716884153155,3.9014506946108936e-07,19.92845738088585,0.4160846158556352,22354.38715368896,142.30289050657842,0.031496367258392687,1742.7685599196825,13800.167378846703,10611.031369261033,0x4110ea8b4d77ff4c4115cb8f4bbf396804807889
2021-11-08,710.5717502681125,3.901557383673505e-07,19.928459491784892,0.41608536517864503,22365.041444785966,142.3030731781323,0.03149653048192091,1742.7736552934784,13803.555845499224,10613.621522042988,0x4110ea8b4d77ff4c4115cb8f4bbf396804807889
2021-11-09,710.5718121209148,3.9016640756536357e-07,19.92846160268416,0.4160861145030043,22375.698421055517,142.30325584992067,0.031496693706295,1742.778750682172,13806.945144166262,10616.212307081243,0x4110ea8b4d77ff4c4115cb8f4bbf396804807889
2021-11-10,710.5718739737226,3.901770770551365e-07,19.92846371358365,0.416086863828713,22386.358083175466,142.30343852194355,0.031496856931514966,1742.783846085763,13810.335275052119,10618.803724530133,0x4110ea8b4d77ff4c4115cb8f4bbf396804807889
2021-11-11,710.5719358265358,3.9018774683667723e-07,19.928465824483364,0.4160876131557712,22397.020431823843,142.3036211942009,0.03149702015758082,1742.7889415042514,13813.726238361141,10621.395774544028,0x4110ea8b4d77ff4c4115cb8f4bbf396804807889
2021-11-12,710.5719976793542,3.901984169099938e-07,19.928467935383303,0.41608836248417885,22407.68546767884,142.30380386669273,0.031497183384492554,1742.7940369376374,13817.118034297731,10623.988457277337,0x4110ea8b4d77ff4c4115cb8f4bbf396804807889
2021-11-13,710.5720595321782,3.902090872750942e-07,19.928470046283465,0.41608911181393593,22418.353191418828,142.30398653941907,0.031497346612250184,1742.7991323859212,13820.51066306634,10626.581772884509,0x4110ea8b4d77ff4c4115cb8f4bbf396804807889
2021-11-14,710.5721213850074,3.9021975793198636e-07,19.92847215718385,0.4160898611450425,22429.023603722344,142.3041692123799,0.031497509840853706,1742.8042278491027,13823.904124871464,10629.175721520025,0x4110ea8b4d77ff4c4115cb8f4bbf396804807889
2021-11-15,710.5721832378421,3.902304288806783e-07,19.92847426808446,0.4160906104774985,22439.696705268103,142.30435188557522,0.03149767307030313,1742.809323327182,13827.298419917657,10631.77030333841,0x4110ea8b4d77ff4c4115cb8f4bbf396804807889
2021-11-16,710.5722450906821,3.9024110012117796e-07,19.928476378985295,0.416091359811304,22450.372496734984,142.30453455900505,0.03149783630059845,1742.814418820159,13830.69354840952,10634.365518494222,0x4110ea8b4d77ff4c4115cb8f4bbf396804807889
2021-11-17,710.5723069435276,3.9025177165349334e-07,19.928478489886352,0.416092109146459,22461.050978802046,142.30471723266936,0.03149799953173968,1742.8195143280338,13834.089510551701,10636.96136714206,0x4110ea8b4d77ff4c4115cb8f4bbf396804807889
2021-11-18,710.5723687963783,3.902624434776324e-07,19.928480600787633,0.4160928584829634,22471.732152148514,142.30489990656818,0.03149816276372682,1742.8246098508064,13837.486306548903,10639.557849436558,0x4110ea8b4d77ff4c4115cb8f4bbf396804807889
